{
  "avg_reprojection_error": 0.4013144307258122,
  "camera_matrix": [
    1767.289258236593,
    0.0,
    989.375282791521,
    0.0,
    1762.888503314327,
    540.8313845443114,
    0.0,
    0.0,
    1.0
  ],
  "distortion_coefficients": [
    0.3860266675089004,
    -2.563775891333845,
    -0.0011477914008921702,
    0.0017287037946633974,
    5.69767996193624,
    0.03549071109208592,
    0.11781261237320696,
    -0.22713730056480883,
    0.0,
    0.0,
    0.0,
    0.0,
    0.0,
    0.0
  ]
}
