{
  "avg_reprojection_error": 0.4007923279019158,
  "camera_matrix": [
    1764.6029603554075,
    0.0,
    989.1527076122131,
    0.0,
    1760.1852499554932,
    544.9316539589054,
    0.0,
    0.0,
    1.0
  ],
  "distortion_coefficients": [
    0.3966224306150916,
    -2.5520526120035205,
    -0.0011339937721808258,
    0.0017041160877078459,
    5.660957768489817,
    0.04657843100979289,
    0.11852557019643974,
    -0.22558986909361384,
    0.0,
    0.0,
    0.0,
    0.0,
    0.0,
    0.0
  ]
}
